<?xml version="1.0" encoding="iso-8859-1"?>
<font>
<voice>v_papyrus</voice>
<color>000000</color>
<linespacing>16.5</linespacing>
<spritesheet>
    <sprite name="!">
        <rect x="69" y="4" w="2" h="11"/>
    </sprite>
    <sprite name="'">
        <rect x="81" y="2" w="2" h="11"/>
    </sprite>
    <sprite name="(">
        <rect x="91" y="24" w="4" h="11"/>
    </sprite>
    <sprite name=")">
        <rect x="97" y="24" w="4" h="11"/>
    </sprite>
    <sprite name=",">
        <rect x="31" y="4" w="3" h="3"/>
    </sprite>
    <sprite name="-">
        <rect x="103" y="23" w="5" h="11"/>
    </sprite>
    <sprite name="=">
        <rect x="115" y="24" w="5" h="11"/>
    </sprite>
    <sprite name="A">
        <rect x="18" y="112" w="12" h="11"/>
    </sprite>
    <sprite name="B">
        <rect x="73" y="112" w="11" h="11"/>
    </sprite>
    <sprite name="C">
        <rect x="99" y="112" w="11" h="11"/>
    </sprite>
    <sprite name="D">
        <rect x="86" y="112" w="11" h="11"/>
    </sprite>
    <sprite name="E">
        <rect x="60" y="111" w="10" h="12"/>
    </sprite>
    <sprite name="F">
        <rect x="46" y="80" w="9" h="10"/>
    </sprite>
    <sprite name="G">
        <rect x="15" y="95" w="11" h="11"/>
    </sprite>
    <sprite name="H">
        <rect x="53" y="95" w="10" h="11"/>
    </sprite>
    <sprite name="I">
        <rect x="53" y="4" w="2" h="11"/>
    </sprite>
    <sprite name="J">
        <rect x="77" y="79" w="8" h="11"/>
    </sprite>
    <sprite name="K">
        <rect x="89" y="95" w="9" h="11"/>
    </sprite>
    <sprite name="L">
        <rect x="36" y="79" w="8" h="11"/>
    </sprite>
    <sprite name="M">
        <rect x="28" y="95" w="11" h="10"/>
    <border x="0" y="0" z="0" w="1"/>
</sprite>
    <sprite name="N">
        <rect x="13" y="80" w="9" h="10"/>
    </sprite>
    <sprite name="O">
        <rect x="32" y="112" w="12" h="11"/>
    </sprite>
    <sprite name="P">
        <rect x="58" y="78" w="7" h="12"/>
    </sprite>
    <sprite name="Q">
        <rect x="2" y="111" w="14" h="12"/>
    <border x="0" y="1" z="0" w="0"/>
</sprite>
    <sprite name="R">
        <rect x="67" y="79" w="8" h="10"/>
    </sprite>
    <sprite name="S">
        <rect x="2" y="95" w="11" h="11"/>
    </sprite>
    <sprite name="T">
        <rect x="113" y="113" w="9" h="9"/>
    <border x="0" y="0" z="0" w="2"/>
</sprite>
    <sprite name="U">
        <rect x="41" y="95" w="10" h="11"/>
    </sprite>
    <sprite name="V">
        <rect x="2" y="79" w="9" h="10"/>
    </sprite>
    <sprite name="W">
        <rect x="46" y="112" w="12" h="11"/>
    </sprite>
    <sprite name="X">
        <rect x="101" y="95" w="9" h="11"/>
    </sprite>
    <sprite name="Y">
        <rect x="77" y="95" w="10" h="11"/>
    </sprite>
    <sprite name="Z">
        <rect x="66" y="95" w="8" h="10"/>
    <border x="0" y="0" z="0" w="1"/>
</sprite>
    <sprite name="backslash">
        <rect x="112" y="95" w="9" h="9"/>
    </sprite>
    <sprite name="colon">
        <rect x="77" y="2" w="2" h="11"/>
    </sprite>
    <sprite name="dot">
        <rect x="73" y="6" w="2" h="2"/>
    </sprite>
    <sprite name="questionmark">
        <rect x="114" y="40" w="5" h="11"/>
    </sprite>
    <sprite name="slash">
        <rect x="24" y="80" w="8" h="8"/>
    </sprite>
    <sprite name="space">
        <rect x="90" y="5" w="8" h="11"/>
    </sprite>
    <sprite name="unnamed_2020_27">
        <rect x="87" y="81" w="9" h="6"/>
    </sprite>
    <sprite name="unnamed_2020_28">
        <rect x="98" y="78" w="7" h="7"/>
    </sprite>
    <sprite name="unnamed_2020_29">
        <rect x="108" y="77" w="14" h="8"/>
    </sprite>
    <sprite name="unnamed_2020_30">
        <rect x="2" y="58" w="6" h="8"/>
    </sprite>
    <sprite name="unnamed_2020_31">
        <rect x="10" y="62" w="8" h="4"/>
    </sprite>
    <sprite name="unnamed_2020_32">
        <rect x="21" y="61" w="6" h="7"/>
    </sprite>
    <sprite name="unnamed_2020_33">
        <rect x="29" y="56" w="5" h="13"/>
    </sprite>
    <sprite name="unnamed_2020_34">
        <rect x="36" y="60" w="6" h="8"/>
    </sprite>
    <sprite name="unnamed_2020_35">
        <rect x="45" y="62" w="6" h="6"/>
    </sprite>
    <sprite name="unnamed_2020_36">
        <rect x="53" y="62" w="7" h="6"/>
    </sprite>
    <sprite name="unnamed_2020_37">
        <rect x="62" y="62" w="7" h="6"/>
    </sprite>
    <sprite name="unnamed_2020_38">
        <rect x="71" y="62" w="7" h="6"/>
    </sprite>
    <sprite name="unnamed_2020_39">
        <rect x="80" y="62" w="7" h="4"/>
    </sprite>
    <sprite name="unnamed_2020_40">
        <rect x="89" y="62" w="7" h="6"/>
    </sprite>
    <sprite name="unnamed_2020_41">
        <rect x="98" y="61" w="5" h="7"/>
    </sprite>
    <sprite name="unnamed_2020_42">
        <rect x="106" y="58" w="5" h="8"/>
    </sprite>
    <sprite name="unnamed_2020_43">
        <rect x="113" y="62" w="5" h="6"/>
    </sprite>
    <sprite name="unnamed_2020_44">
        <rect x="2" y="26" w="5" h="4"/>
    </sprite>
    <sprite name="unnamed_2020_45">
        <rect x="2" y="42" w="6" h="9"/>
    </sprite>
    <sprite name="unnamed_2020_46">
        <rect x="9" y="26" w="5" h="4"/>
    </sprite>
    <sprite name="unnamed_2020_47">
        <rect x="10" y="42" w="6" h="9"/>
    </sprite>
    <sprite name="unnamed_2020_48">
        <rect x="16" y="26" w="5" h="6"/>
    </sprite>
    <sprite name="unnamed_2020_49">
        <rect x="18" y="42" w="6" h="6"/>
    </sprite>
    <sprite name="unnamed_2020_50">
        <rect x="23" y="26" w="5" h="9"/>
    </sprite>
    <sprite name="unnamed_2020_52">
        <rect x="26" y="42" w="5" h="4"/>
    </sprite>
    <sprite name="unnamed_2020_53">
        <rect x="30" y="26" w="5" h="6"/>
    </sprite>
    <sprite name="unnamed_2020_54">
        <rect x="34" y="42" w="6" h="8"/>
    </sprite>
    <sprite name="unnamed_2020_55">
        <rect x="37" y="26" w="5" h="9"/>
    </sprite>
    <sprite name="unnamed_2020_56">
        <rect x="42" y="42" w="5" h="7"/>
    </sprite>
    <sprite name="unnamed_2020_57">
        <rect x="50" y="42" w="6" h="4"/>
    </sprite>
    <sprite name="unnamed_2020_58">
        <rect x="51" y="26" w="5" h="4"/>
    </sprite>
    <sprite name="unnamed_2020_60">
        <rect x="58" y="26" w="5" h="4"/>
    </sprite>
    <sprite name="unnamed_2020_61">
        <rect x="58" y="42" w="6" h="6"/>
    </sprite>
    <sprite name="unnamed_2020_62">
        <rect x="66" y="42" w="6" h="4"/>
    </sprite>
    <sprite name="unnamed_2020_63">
        <rect x="72" y="26" w="5" h="4"/>
    </sprite>
    <sprite name="unnamed_2020_66">
        <rect x="83" y="40" w="5" h="8"/>
    </sprite>
    <sprite name="unnamed_2020_67">
        <rect x="90" y="40" w="14" h="8"/>
    </sprite>
    <sprite name="unnamed_2020_70">
        <rect x="106" y="43" w="6" h="5"/>
    </sprite>
    <sprite name="unnamed_2020_72">
        <rect x="2" y="6" w="4" h="4"/>
    </sprite>
    <sprite name="unnamed_2020_73">
        <rect x="8" y="3" w="16" h="12"/>
    </sprite>
    <sprite name="{">
        <rect x="85" y="24" w="4" h="11"/>
    </sprite>
    <sprite name="}">
        <rect x="79" y="24" w="4" h="11"/>
    </sprite>
</spritesheet>
</font>